{"name":"3be6a282-0c27-454c-84f2-fef9c4df8dad","id":"/providers/Microsoft.Flow/flows/3be6a282-0c27-454c-84f2-fef9c4df8dad","type":"Microsoft.Flow/flows","properties":{"apiId":"/providers/Microsoft.PowerApps/apis/shared_logicflows","displayName":"Archive all but last Service Health notification","definition":{"metadata":{"workflowEntityId":null,"processAdvisorMetadata":null,"flowChargedByPaygo":null,"flowclientsuspensionreason":"None","flowclientsuspensiontime":null,"flowclientsuspensionreasondetails":null,"creator":{"id":"cdb5ddbb-6226-47ba-810b-3a66b75cab22","type":"User","tenantId":"8f937b62-62fe-4428-9b33-8d857ee83e0d"},"provisioningMethod":"FromDefinition","failureAlertSubscription":true,"clientLastModifiedTime":"2023-11-23T08:30:56.3358161Z","connectionKeySavedTimeKey":"2023-11-23T08:30:56.3358161Z"},"$schema":"https://schema.management.azure.com/providers/Microsoft.Logic/schemas/2016-06-01/workflowdefinition.json#","contentVersion":"1.0.0.0","parameters":{"$authentication":{"defaultValue":{},"type":"SecureObject"},"$connections":{"defaultValue":{},"type":"Object"}},"triggers":{"Recurrence":{"recurrence":{"frequency":"Hour","interval":1,"startTime":"2023-11-11T09:00:00.000Z"},"metadata":{"operationMetadataId":"32778eda-5de5-45bc-a331-1e58e7614c0d"},"type":"Recurrence"}},"actions":{"Get_emails":{"runAfter":{},"type":"OpenApiConnection","inputs":{"parameters":{"importance":"Any","fetchOnlyWithAttachment":false,"folderPath":"Inbox","from":"o365mc@microsoft.com","fetchOnlyUnread":false,"includeAttachments":false,"searchQuery":"Service Health","top":25},"host":{"apiId":"/providers/Microsoft.PowerApps/apis/shared_office365","connectionName":"shared_office365","operationId":"GetEmailsV3"},"authentication":"@parameters('$authentication')"}},"Apply_to_each":{"foreach":"@outputs('Get_emails')?['body/value']","actions":{"Filter_array":{"runAfter":{"Email":["Succeeded"]},"type":"Query","inputs":{"from":"@outputs('Get_emails')?['body/value']","where":"@equals(item()?['Subject'],outputs('Email')?['subject'])"}},"Email":{"type":"Compose","inputs":"@item()"},"Condition":{"actions":{"Move_email":{"metadata":{"Id::AAMkAGY2NDAwODQxLTUxYTAtNDgwMC1iNDE1LThkYjhmMTAxZDAwZQAuAAAAAAD5g4V1Vg1-SJ5Z7J7frHUnAQBc1bdASupLSLl_qDkZ8vnhAAAAAAFGAAA=":"Archive"},"type":"OpenApiConnection","inputs":{"parameters":{"messageId":"@outputs('Email')?['id']","folderPath":"CHOOSE YOUR FOLDER"},"host":{"apiId":"/providers/Microsoft.PowerApps/apis/shared_office365","connectionName":"shared_office365","operationId":"MoveV2"},"authentication":"@parameters('$authentication')"}}},"runAfter":{"Filter_array":["Succeeded"]},"else":{"actions":{}},"expression":{"and":[{"greater":["@length(body('Filter_array'))",1]},{"not":{"equals":["@first(body('Filter_array'))?['id']","@outputs('Email')?['id']"]}}]},"type":"If"}},"runAfter":{"Get_emails":["Succeeded"]},"type":"Foreach"}}},"connectionReferences":{"shared_office365":{"connectionName":"shared-office365-09e6b90a-3a12-438d-adfe-74aaac803ffa","source":"Embedded","id":"/providers/Microsoft.PowerApps/apis/shared_office365","tier":"NotSpecified"}},"flowFailureAlertSubscribed":false,"isManaged":false}}