{"name":"4b4c63ff-ad7a-4258-9d1d-0438c26abd9f","id":"/providers/Microsoft.Flow/flows/4b4c63ff-ad7a-4258-9d1d-0438c26abd9f","type":"Microsoft.Flow/flows","properties":{"apiId":"/providers/Microsoft.PowerApps/apis/shared_logicflows","displayName":"Archive old Service Health notifications","definition":{"metadata":{"workflowEntityId":null,"processAdvisorMetadata":null,"flowChargedByPaygo":null,"flowclientsuspensionreason":"None","flowclientsuspensiontime":null,"flowclientsuspensionreasondetails":null,"creator":{"id":"cdb5ddbb-6226-47ba-810b-3a66b75cab22","type":"User","tenantId":"8f937b62-62fe-4428-9b33-8d857ee83e0d"},"provisioningMethod":"FromDefinition","failureAlertSubscription":true,"clientLastModifiedTime":"2023-11-11T18:05:25.2321425Z","connectionKeySavedTimeKey":"2023-11-11T18:05:25.2321425Z"},"$schema":"https://schema.management.azure.com/providers/Microsoft.Logic/schemas/2016-06-01/workflowdefinition.json#","contentVersion":"undefined","parameters":{"$connections":{"defaultValue":{},"type":"Object"},"$authentication":{"defaultValue":{},"type":"SecureObject"}},"triggers":{"Recurrence":{"recurrence":{"frequency":"Hour","interval":3,"startTime":"2023-11-11T09:00:00.000Z"},"metadata":{"operationMetadataId":"43c7c5f9-7859-4b07-a99b-d9d0765fd42b"},"type":"Recurrence"}},"actions":{"Get_emails":{"runAfter":{},"metadata":{"operationMetadataId":"2f991c7a-9c62-4f9e-b078-b4870608362f"},"type":"OpenApiConnection","inputs":{"host":{"apiId":"/providers/Microsoft.PowerApps/apis/shared_office365","connectionName":"shared_office365","operationId":"GetEmailsV3"},"parameters":{"folderPath":"Inbox","from":"o365mc@microsoft.com","fetchOnlyUnread":false,"includeAttachments":false,"searchQuery":"received<@{formatDateTime(utcNow(),'MM/dd/yyyy')}","top":25,"importance":"Any","fetchOnlyWithAttachment":false,"subjectFilter":"Service Health"},"authentication":"@parameters('$authentication')"}},"Apply_to_each":{"foreach":"@outputs('Get_emails')?['body/value']","actions":{"Move_email_":{"runAfter":{},"metadata":{"Id::AAMkAGY2NDAwODQxLTUxYTAtNDgwMC1iNDE1LThkYjhmMTAxZDAwZQAuAAAAAAD5g4V1Vg1-SJ5Z7J7frHUnAQBc1bdASupLSLl_qDkZ8vnhAAAAAAFGAAA=":"Archive","operationMetadataId":"fe8b6328-f20a-48e9-872e-c1dd78faefbb"},"type":"OpenApiConnection","inputs":{"host":{"apiId":"/providers/Microsoft.PowerApps/apis/shared_office365","connectionName":"shared_office365","operationId":"MoveV2"},"parameters":{"messageId":"/","folderPath":"Id::AAMkAGY2NDAwODQxLTUxYTAtNDgwMC1iNDE1LThkYjhmMTAxZDAwZQAuAAAAAAD5g4V1Vg1-SJ5Z7J7frHUnAQBc1bdASupLSLl_qDkZ8vnhAAAAAAFGAAA="},"authentication":"@parameters('$authentication')"}}},"runAfter":{"Get_emails":["Succeeded"]},"metadata":{"operationMetadataId":"eb108213-f60e-46ed-97f3-e78c46bca6da"},"type":"Foreach"}},"description":"The flow archives all the Service Health notifications received before the current day."},"connectionReferences":{"shared_office365":{"connectionName":"shared-office365-09e6b90a-3a12-438d-adfe-74aaac803ffa","source":"Embedded","id":"/providers/Microsoft.PowerApps/apis/shared_office365","tier":"NotSpecified"}},"flowFailureAlertSubscribed":false,"isManaged":false}}